Path;Name
quests\prologue\quest_files\q001_beggining\q001_after_nightmare.redgame;q001_after_nightmare
quests\prologue\quest_files\q002_emhyr\q002_fistfight_test.redgame;q002_fistfight_test
quests\prologue\quest_files\q002_emhyr\q002_test_gamedef.redgame;q002_test_gamedef
quests\part_1\quest_files\q301_dreamer\test\q301_mainsquare_performance.redgame;q301_mainsquare_performance
quests\demo_files\hands_on_01_2015\hands_on_q206_berserkers\hands_on_q206_game_def.redgame;hands_on_q206_game_def
game\game_parts_definitions\part1_review.redgame;part1_review
game\game_parts_definitions\part3_review.redgame;part3_review
game\game_parts_definitions\endgame_review.redgame;endgame_review
game\hub_definitions\nomansgrad_part1.redgame;nomansgrad_part1
game\hub_definitions\nomansgrad_part2.redgame;nomansgrad_part2
game\hub_definitions\novigrad_part1.redgame;novigrad_part1
game\hub_definitions\skellige_part1.redgame;skellige_part1
game\hub_definitions\skellige_part1_skellige.redgame;skellige_part1_skellige
game\hub_definitions\skellige_part2.redgame;skellige_part2
game\combat.redgame;combat
game\game_parts_definitions\part3_plus_konsylium_review.redgame;part3_plus_konsylium_review
quests\part_2\quest_files\q403_battle\q403_battle.redgame;q403_battle
test_cases\quests\localtravelmemdump.redgame;localtravelmemdump
test_cases\quests\worldtravelmemdump.redgame;worldtravelmemdump
test_cases\quests\nothing.redgame;nothing
engine\reference_level\quest\reference_level_def.redgame;reference_level_def
