Quest Name;Level
SQ305 Scoiatael;6
Q302 Mafia;12
Q201 Brans Reception;16
Q002 Griffin hunt;3
MQ1023_Fake_Papers;1
Q302 War Of Gangs;9
hr201 Horse Race: Ferlund;1
Q202 Ice Giant;17
Q302 Ciri - Rescuing Dudu;9
Q403 Battle of Kaer Morhen;24
lw_gr_poi_042_ponds;18
mq2020 Flesh for cash buisness;12
SQ102 Letho;6
lw_prologue_bandit_treasure;2
TEMP Minor Testing Def;1
Q311 The Spiral;26
lw_de32_campfire_treasure;7
lw_sk_poi_056;13
Q305 Ciri - chase to the temple;11
NML Hunt: Grave Hag;10
Q301 Dreamer;10
mq1055_nilfgaard_mom;12
mq1020 Missing Horse;12
Gryphon Upgrades 1A;18
Q305 Looking for Dandelion;13
Q205 Lofoten;15
hr203 Horse Race: Kaer Trolde;1
SQ104 Werewolf;7
mq4002_anomaly;27
Bear Upgrades 2;30
mq3036_rosa_romance;12
hr202 Horse Race: Fejrlesdal;1
Combat;1
SQ312 Ves;12
SQ202 Yen;15
MQ3006 Magic Merchant;6
CG: Innkeepers;1
Q401 Me;20
gascope;1
mq2033_dead_mans_chest;16
Q104 Mysterious Sorcerer;6
SQ106 Killbill;11
MQ0005 Dwarven Smith;1
mq1057: The Great Spirit;7
mq5004horse;1
SQ304 Armorsmith;24
mh206 : Fiend;29
NML Hunt: Czart;20
mq1012 On God Terms With Gods;10
mq1045 Damsel in distress;10
Exploration;1
MQ3024 you shall not pass;7
SQ301 Triss;12
Q203 Him;17
Q104 Favour For Keira;6
[metaquest] Search for ugly;1
Q103 Family Issues;6
Treasure hunt template;1
Q310 Retrieving Keira;26
Q302 King Beggar's Debt;9
MQ3037 Sleeping Vampire;13
br202: Faroe Boatracing;1
Q402 Allies in Novigrad;22
mh208 : Forktail;28
lw_sk31;14
Q502 Avallach;30
mh207: Wraith;17
mh306 : Da'o;24
Lynx Upgrades 1b;23
Q001 Dream;1
NML Hunt: Fogling;12
Bear Upgrades 1B;25
Gryphon Set;11
q302 Favour For Radovid;9
mh304: Katakan;26
mq1010 Last Rite;9
SQ102 Dolores;6
SQ107 Pigs;6
SQ101 Keira;6
br201: Kaer Trolde Boat Racing;1
SQ108 Master Blacksmith;24
Q107 Swamps;9
mq2003 Disturbing rest;25
MQ2009 Immoral Proposition;15
mq1016 Poultry Abduction;1
br301: Novigrad Boat Racing;1
lw_sk38;48
Q205 The Garden;14
mq1002 Rezydencja;9
MQ3026 Novigrad Horse Racing;1
Gryphon Upgrades 3;34
CG: Old Friends;1
NML Hunt: Ekimma;22
Bear Set;20
mq2022 Stupid Side of Courage;1
mq1015 Lynch;7
Q401 Ugliest Man Alive;19
mq1001 Dog Trail;5
lw_cp33_sunken_treasure;4
lw_gr40;32
Q402 Allies in Skellige;22
Fist Fight Championship;11
SQ306 Maverick;26
MQ2006 Erleif's Treasure;18
lw_gr39;18
SQ209 Tavern Brawl;14
CG: Talar;1
Q402 Ally in Nilfgaard;22
E3 2014;1
LW_Prologue_Deserter_Camps;2
Q103 Epic Goat Adventure;5
Q210 Preparations;28
Q309 Casablanca;14
mh203: Water Hag;18
lw_de11;1
Q309 Novigrad Under Control;11
mq2017 : For Fame And Glory;15
MQ0004 Locked Shed;1
mq0003: Noonwraith;2
Q110 Postbattle;20
Q304 Looking For Dandelion;11
mq3041_showing_presence;14
Q201 Travel to Skellige;16
Q103 Ciri's Chamber;5
mq2015 Long Time Apart;25
MQ2037 Dishonored;14
Elvish Chest;15
mq3016_wandering_bards;8
SQ205 Alchemist;24
Q504 Ciri Empress;30
mq1051_nilfgaard;7
mh307: Wild Hunt Minion;14
mq4003_lake;26
Q401 Konsylium;19
mq2001 Kuilu;15
Q208 Heroesmead;18
mq2040_trial_of_power;16
mh303: Succubus;15
mq1013 The Pretender;10
Q210 Avallach lab;31
mq2048_msg_in_a_bottle;13
hr204 : Horse Race Championship;1
Q505 Ciri Free;30
lw_skellige_sk48_splintered_ships;13
mh305 : Doppler;13
Q401 Hunt With Eskel;19
Q108 Forfather's Eve;7
mh308 : Noonwratih;16
MQ2030_nithing;14
MQ2051 Unfinished Business;15
mq2045_chains;18
Lynx Upgrades 1a;23
Q102 Baron;6
Q103 Arrival to Crow Perch;5
br302 : Oxenfurt Boat Racing;1
Q401 The Reunion;19
Q105 Witches;6
Q305 The Play;11
lw_tm6;9
Q402 Allies in Velen;22
CG: Novigrad;1
MQ0002 Missing Goods;1
Q106 Keira's bussiness;6
Q310 A Blind Owl;28
MQ0001 Missing Brother;1
hr101 : Horse Race: Baron's Men;1
Card Game Meta: Gather All;1
CG: Skellige;1
SQ315 Talar;14
Q310 Ciri's Night Out;28
lw_prologue_deserter_stash;3
Tips & Tricks;1
Q206 Berserkers;18
Q203 Cataclysm;17
SQ210 Impossible Tower;30
Sunken treasure;18
Q101 Agent;5
lw_prologue_temerian_treasure;4
Q105 Ciri escape from swamps;5
E3 2014 Griffin;1
Lynx Upgrades 3;34
MQ1039 Uninvited Guests;11
MQ2012 Bad Place, Bad Time;21
MQ2018 : Bandits;15
lw_sk_poi_050;13
Q111 Imlerith;26
MQ1019 A matter of faith;3
mh105: Hunt Wyvern;23
mq3039_crows;20
lw_sb2_sunken_ships_note;4
Q109 Wrapup;8
mq2002 Pirate Scavengers;24
SQ302 Philippa;12
Q001 Find Yennefer;1
SQ209 Cave of Dreams;14
MS 2014 Werewolf;1
Lynx Set;17
Q401 The Phylactery;19
Q106 Tower;6
NVG: Fist Fighting;23
mq2024: Master of the Arena;14
lw_sk4;13
lw_sk_poi_057;31
SKG: Fist Fighting;30
mq3038_wheel_of_fortune;13
Bear Upgrades 1A;25
SQ201 Curse;15
mq2011_liar_and_theif;1
mq1046_burning_down_the_house;10
Q310 Prison Break;28
Gryphon Upgrades 1B;18
lw_gr34;12
MQ1022 Border Troll;13
Q205 Ciri - safe heaven;14
NML Hunt: Cockatrice;8
Bear Upgrades 3;34
SQ303 Brothel;14
MQ3017 Little Red Raiding Hood;15
MQ1003 Trail of Death;1
Gryphon Upgrades 2;26
mh210 : Lamia;19
lw_sk_poi_005;13
mq3031_aging_romance;13
Q210 Skjall Grave;28
STORY - Chapter 3 - Preparations in Novigrad;1
Q501 Eredin;30
lw_tm_sunken_treasure;4
lw_sk30_mushroom_farms;4
mq1005 Battle Scavengers;9
Q402 Isle of Mists;22
mq3035_emhyr;30
mh302 : Leszy;25
MQ2006 Bergeton's Treasure;12
SQ204 Forest Spirit;22
lw_gr12_ferry_station_2;4
Q104 Looking for a Witch;5
Q401 The Curse;19
STORY - Chapter 1 - Ciri's footsteps;1
mq2038_shieldmaiden;19
BidDebugQuest2;1
mq3012 Warrior Statuette;14
lw_sb24;28
Lynx Set Upgrades;23
mh202: Nekker Warrior;16
Q301 Visiting Dreamer;7
lw_sk_poi_042;10
Q002 Healing Woman;2
Interactions;1
Q103 Departure to Novigrad;5
mq3002 Spies of Novigrad;8
Q210 Pre Canaris;28
E3 2013;1
mq2010 human trap;24
Q308 Psycho;16
mq4004_bastion;23
MQ2013 Grossbart brothers;26
Viper Set;6
mq3012Noble Statuette;14
sq108: Griffon;24
MQ1028 Courier;2
BidDebugQuest;1
NML: Fist Fighting;11
mq2001 Jarl's Horn;12
mq1050_written_in_the_stars;1
mq2049_atheist;13
lw_gr41;20
mq3019_herd_instincts;10
Q210 Emhyr;28
Q301 Find Dreamer;7
Q503 NEW Ciri Dead;30
SQ310 Dangerous Game;12
mh301: Gryphon;35
lw_gr7_hidden_pier;1
mq3027_mymanifest;1
CG : No Man's Land;1
mq4005_sword;27
lw_cp34_shipwreck_island;13
E3 2013 Fake;1
Q103 The Race;5
Q105 Evil Spirit;5
NML Hunt: Arachas;33
NML Hunt: Nightwraith;10
mq3005 Shady Deal;12
Q002 Vizima Palace;2
Q303 Treasure;12
MQ2039 Vow of Silence;24
Lynx Upgrades 2;29
mq4006_armor;30
Q402 Allies for Kaer Morhen;22
Q310 Romantic Disaster;28
Q002 Bandit attack;2
lw_skellige_sk3_sunken_treasure;13
mq1060_devils_pit;15
