Voicetag;Sex;Pitch;Template;Id
ABEL LUPO;M;;;ABLP
AGENT;M;;;AGNT
ALEKSANDER;M;;;ALEK
AMBASSADOR VAR ATTRE;M;;;AVAR
ANABELLE;F;;;ANAB
ARNVALD;M;;;ARNV
AVALLACH;M;;;AVLC
BARD DROGODAR;M;;;DROG
BARON;M;;;BARN
BECCA;F;;;BECC
BERNARD TULLE;M;;;BRTL
BERYT COMMANDER;M;;;BRTC
BLACKSMITH WOMAN;F;;;BLAC
BLANKA GUARD;M;;;BLNK
BLANKA GIRL;F;;;BLGR
BORYS THE TROLL;M;;;BTRL
BRYNJOLF;M;;;BRYN
CANARIS;M;;;CNRS
CARDUIN;M;;;CARD
CELINA;F;;;CELI
CELINA MONSTER;F;;;CELM
CHAMBERLAIN EMHYR;M;;;CHEM
CHORUS EVE;M;;;CHOR
CHORUS NOVIGRAD;M;;;CHON
CHORUS SKELLIGE;M;;;CHOS
CIRILLA;F;;;CIRI
CIRILLA YOUNG;F;;;CIRIY
CORONER;M;;;CORN
COUNT TYBALT;M;;;CTTB
CRACH;M;;;CRCH
CYCLOPS;M;;;CCLP
CYPRIAN WILLEY;M;;;WILY
DANDELION;M;;;DAND
DIJKSTRA;M;;;DJKS
DJINN;M;;;DJIN
DONAR AN HINDAR;M;;;DONR
DONAR JUNIOR;M;;;DONJ
DREAMER CORINE TILLY;F;;;DREA
DRUID YOLAR;M;;;YOLR
DUDU BIBERVELDT;M;;;DDBV
DUDU GERALT;M;;;DDGT
DUDU SELMA;M;;;DDSE
DWARF DOC;M;;;DWDC
DWARF GRUMPY;M;;;DWGR
DWARF SNEEZY;M;;;DWSN
DWARF BASHFUL;M;;;DWBF
DWARF SLEEPY;M;;;DWSL
EDNA VAR ATTRE;F;;;EDNA
EDMUND;M;;;EDMD
EIGHT;M;;;EGHT
ELF NITHRAL;M;;;ENTR
ELIHAL;M;;;ELIH
EMHYR;M;;;EMHR
ENID AN GLEANNA;F;;;EAGL
EREDIN;M;;;ERDN
ERNST VAN HOORN;M;;;ERST
ESKEL;M;;;ESKL
EUNUCH HAPPEN;M;;;EUHA
EUSTACE;M;;;EUST
EYVIND;M;;;EYVI
FELICIA CORI;F;;;FECO
FERGUS GRAEM;M;;;FEGR
FINNEAS;M;;;FINN
FIRE ELEMENTAL;M;;;FIEL
FOLAN;M;;;FLAN
FRINGILLA VIGO;F;;;FRIN
FUGAS;M;;;FUGA
GEELS;M;;;GEEL
GERALT;M;;;GRLT
GERALT NPC;M;;;GNPC
GEWALT WITCHHUNTER;M;;;GEWA
GHOST IN THE TREE;F;;;GHTR
GHOST WITCHER;M;;;GHWT
GNOME DESMO;M;;;GDES
GNOME DAERGALL;M;;;GDAE
GNOME DIRBLE;M;;;GDIR
GODLING JOHNNY;M;;;GJHN
GODLING SARA;F;;;GSAR
GOLEM;M;;;GOLE
GRADEN;M;;;GRAD
GRAHAM;M;;;GRAH
GREMISTA;M;;;GREM
GUSLAR;M;;;GUSL
HALBJORN;M;;;HALB
HALLGRIM;M;;;HLGR
HATTORI;M;;;HTRI
HEMMELFART;M;;;HEMM
HERN;M;;;HERN
HIM;M;;;HIM1
HJALMAR;M;;;HJAL
HJORT;M;;;HJOR
HOLGER BLACKHAND;M;;;HOLG
HVITR;M;;;HVTR
IDA EMEAN;F;;;IDEM
IMLERITH;M;;;IMLR
IMPERIAL SECRETARY;M;;;IMSC
INKEEPER ELZA;F;;;ELZA
INNKEEPER GOLDEN STURGEON;M;;;INGS
INNKEEPER SEVEN CATS;M;;;INSC
IORVETH;M;;;IORV
IRINA RENARDE;F;;;IRIN
ISADORE;M;;;ISDR
ISENGRIM FAOILTIARNA;M;;;ISGR
ISILIRA;;;;ISLR
JONAS;M;;;JNAS
JORUND;M;;;JRND
JULIA;F;;;JLTM
KARL VARESE;M;;;KVRS
KEIRA METZ;F;;;KEIR
KING BEGGAR;M;;;KGBG
KING BEGGAR FAKE;M;;;KGBF
KORRED;M;;;KRRD
KUNEGUNDA;F;;;KUNE
LADY BRAN;F;;;LBRAN
LAMBERT;M;;;LMBT
LANNEAL GHOST;M;;;LANN
LETHO;M;;;LETO
LINUS PITT;M;;;LINU
LOTTA;F;;;LOTT
LOCKHART;M;;;LOCK
LUGOS THE GLAUCOUS;M;;;LUTG
LUGOS THE MAD;M;;;LUTM
LUIZA LA VALETTE;F;;;LUIZ
MARABELLA;F;;;MARA
MARGARITA LAUX ANTILLE;F;;;MGLA
MARQUISE SERENITY;F;;;MARQ
MARTIN KRAFFT EBING;M;;;MART
MENGE;M;;;MENG
MOLLY;F;;;MOLL
MORKVARG;M;;;MRKG
MORKVARG WAREWOLF;M;;;MRKV
MOUSESACK;M;;;MOUS
MIRROR;M;;;MRRR
NATHANEL;M;;;NTHL
NAVIGATOR;M;;;NVGT
NARRATOR;M;;;NARR
NEREID;F;;;NERD
OCHMAN;M;;;OCHM
OLIVIER KINGFISHER;M;;;OLIV
OTRYGG AN HINDAR;M;;;OTRG
PATRICK HAZELNUTT;M;;;PTHN
PHILIPPA EILHART;F;;;PHIL
PIG;M;;;PIGG
PIRATE VANDIL;M;;;VAND
PLAGUE MAIDEN;F;;;PLAG
POPIEL;M;;;POPI
POTTER EVE;M;;;POTT
PRISCILLA;F;;;PRIS
PROLOGUE VILLAGE ELDER;M;;;PVELD
RADOVID;M;;;RADV
REDBAD DE JONCKHEER;M;;;JNKH
RICO;M;;;RICO
ROCHE;M;;;ROCH
ROSA VAR ATTRE;F;;;ROSA
SACHA;F;;;SACH
SATYR;M;;;SATR
SEA WITCH;F;;;SEAW
SERGEANT;M;;;SERG
SHEALA;F;;;SHLA
SOLTIS;M;;;SOLT
STABLEMASTER BARON;M;;;SMBR
STEINGRIM;M;;;SGRI
STJEPAN INNKEEPER;M;;;STJE
SUKRUS;M;;;SKRS
SVANRIGE;M;;;SVAN
TAILOR SJUSTA;M;;;SJUS
TAMARA;F;;;TAMA
TALAR;M;;;TALA
THORSTEN;M;;;THOR
TOMTE;M;;;TOMT
TOWER;;;;TOWR
TRAVELER KEFAL;M;;;TKFL
TRISS;F;;;TRSS
UDALRYK;M;;;UDAL
UGLIEST MAN ALIVE;M;;;UGMA
UMA INTERNAL VOICE;M;;;UGIV
UNICORN;M;;;UNIC
VAR RECHTE;M;;;VARR
VATTIER WANNABE;M;;;VAWA
VERNOSSIEL;F;;;VNSL
VES;F;;;VESS
VESEMIR;M;;;VSMR
VESPULA;F;;;VESP
VIGI;M;;;VIGI
VIMME VIVALDI;M;;;VIMM
VINCENT;M;;;VINC
VOICE OF PROPHECY;F;;;VOP
VON GRATZ;M;;;VONG
VOORHIS;M;;;VRHS
WEREWOLF BEREM;M;;;WRBE
WHISTLING WENDY;F;;;WWDY
WITCH BREWESS;F;;;BREW
WITCH WEAVESS;F;;;WEAV
WITCH WHISPESS;F;;;WHSP
YENNEFER;F;;;YENN
ZOLTAN CHIVAY;M;;;ZOLT
ZORA LIBRARIAN;F;;;ZORA
ZYZOL;M;;;ZYZL
BARON BANDIT STRONG 01;M;;;BBS1
BARON BANDIT STRONG 02;M;;;BBS2
BARON BANDIT STRONG 03;M;;;BBS3
BARON BANDIT WEAK 01;M;;;BBW1
BARON BANDIT WEAK 02;M;;;BBW2
BARON BANDIT WEAK 03;M;;;BBW3
BARON BANDIT WEAK 31;M;;;BBW31
BLOGGER TROLL 01;M;;;BGTL1
BLOGGER TROLL 02;M;;;BGTL2
BLOGGER TROLL 03;M;;;BGTL3
DEAMON 01;M;;;DEA1
DEAMON 02;M;;;DEA2
DEAMON 03;M;;;DEA3
DWARF MAN 01;M;;;DWR1
DWARF MAN 02;M;;;DWR2
DWARF MAN 03;M;;;DWR3
DWARF MAN 31;M;;;DWR31
DWARF MAN 32;M;;;DWR32
DWARF MAN 33;M;;;DWR33
DWARF MAN 34;M;;;DWR34
DWARF MAN 35;M;;;DWR35
DWARF MAN 36;M;;;DWR36
DWARF MAN 37;M;;;DWR37
DWARF MAN 38;M;;;DWR38
DWARF MAN 39;M;;;DWR39
DWARF MAN 40;M;;;DWR40
DWARF MAN 41;M;;;DWR41
DWARF MAN 42;M;;;DWR42
DWARF MAN 43;M;;;DWR43
DWARF MAN 44;M;;;DWR44
DWARF MAN 45;M;;;DWR45
DWARF MAN 46;M;;;DWR46
DWARF MAN 47;M;;;DWR47
DWARF MAN 48;M;;;DWR48
DWARF MAN 49;M;;;DWR49
DWARF MAN 50;M;;;DWR50
DWARF MAN 51;M;;;DWR51
ELF MAN 01;M;;;ELF1
ELF MAN 02;M;;;ELF2
ELF MAN 03;M;;;ELF3
ELF MAN 31;M;;;ELF31
ELF MAN 32;M;;;ELF32
ELF MAN 33;M;;;ELF33
ELF MAN 34;M;;;ELF34
ELF MAN 35;M;;;ELF35
ELF MAN 36;M;;;ELF36
ELF MAN 37;M;;;ELF37
ELF MAN 38;M;;;ELF38
ELF MAN 39;M;;;ELF39
ELF MAN 40;M;;;ELF40
ELF MAN 41;M;;;ELF41
ELF MAN 42;M;;;ELF42
ELF MAN 43;M;;;ELF43
ELF FEMALE 01;F;;;FELF1
ELF FEMALE 02;F;;;FELF2
ELF FEMALE 03;F;;;FELF3
ELF FEMALE 31;F;;;FELF31
ELF FEMALE 32;F;;;FELF32
ELF FEMALE 33;F;;;FELF33
ELF FEMALE 34;F;;;FELF34
ELF FEMALE 35;F;;;FELF35
ELF FEMALE 36;F;;;FELF36
ELF FEMALE 37;F;;;FELF37
ELF FEMALE 38;F;;;FELF38
ELF FEMALE 39;F;;;FELF39
ELF FEMALE 40;F;;;FELF40
ELF FEMALE 41;F;;;FELF41
ELF FEMALE 42;F;;;FELF42
ELF FEMALE 43;F;;;FELF43
ELF FEMALE 44;F;;;FELF44
ETERNAL FIRE PRIEST 01;M;;;EFP1
ETERNAL FIRE PRIEST 02;M;;;EFP2
ETERNAL FIRE PRIEST 03;M;;;EFP3
ETERNAL FIRE PRIEST 11;M;;;EFP11
ETERNAL FIRE PRIEST 12;M;;;EFP12
ETERNAL FIRE PRIEST 13;M;;;EFP13
ETERNAL FIRE PRIEST 14;M;;;EFP14
ETERNAL FIRE PRIEST 15;M;;;EFP15
ETERNAL FIRE PRIEST 16;M;;;EFP16
ETERNAL FIRE PRIEST 17;M;;;EFP17
ETERNAL FIRE PRIEST 18;M;;;EFP18
ETERNAL FIRE PRIEST 19;M;;;EFP19
ETERNAL FIRE PRIEST 20;M;;;EFP20
ETERNAL FIRE PRIEST 21;M;;;EFP21
ETERNAL FIRE PRIEST 22;M;;;EFP22
ETERNAL FIRE PRIEST 31;M;;;EFP31
ETERNAL FIRE PRIEST 32;M;;;EFP32
ETERNAL FIRE GUARD 01;M;;;EFG1
ETERNAL FIRE GUARD 02;M;;;EFG2
ETERNAL FIRE GUARD 03;M;;;EFG3
ETERNAL FIRE GUARD 11;M;;;EFG11
ETERNAL FIRE GUARD 12;M;;;EFG12
ETERNAL FIRE GUARD 13;M;;;EFG13
ETERNAL FIRE GUARD 14;M;;;EFG14
ETERNAL FIRE GUARD 15;M;;;EFG15
ETERNAL FIRE GUARD 16;M;;;EFG16
ETERNAL FIRE GUARD 31;M;;;EFG31
ETERNAL FIRE GUARD 32;M;;;EFG32
ETERNAL FIRE GUARD 33;M;;;EFG33
ETERNAL FIRE GUARD 34;M;;;EFG34
ETERNAL FIRE GUARD 35;M;;;EFG35
ETERNAL FIRE GUARD 36;M;;;EFG36
ETERNAL FIRE GUARD 37;M;;;EFG37
ETERNAL FIRE GUARD 38;M;;;EFG38
ETERNAL FIRE GUARD 39;M;;;EFG39
ETERNAL FIRE GUARD 40;M;;;EFG40
ETERNAL FIRE GUARD 41;M;;;EFG41
ETERNAL FIRE GUARD 42;M;;;EFG42
ETERNAL FIRE GUARD 43;M;;;EFG43
ETERNAL FIRE GUARD 44;M;;;EFG44
ETERNAL FIRE GUARD 45;M;;;EFG45
ETERNAL FIRE GUARD 46;M;;;EFG46
FOREIGNER WOMAN 01;W;;;FRGNW
GHOST 01;M;;;GHO1
GHOST 02;M;;;GHO2
GNOME MAN 01;M;;;GNOM1
GNOME MAN 02;M;;;GNOM2
GNOME MAN 03;M;;;GNOM3
GRAVE HAG 01;F;;;GRHG1
HALFLING MAN 01;M;;;HFLNG1
HALFLING MAN 02;M;;;HFLNG2
HALFLING MAN 03;M;;;HFLNG3
HALFLING MAN 04;M;;;HFLNG4
HALFLING MAN 05;M;;;HFLNG5
INMATE_01;M;;;IM01
INMATE_02;M;;;IM02
INMATE_03;M;;;IM03
KATAKAN 01;M;;;KTKN1
MAGE 01;M;;;MAG1
MAGE 02;M;;;MAG2
MAGE 03;M;;;MAG3
MARTIN SOLDIER 01;M;;;MSLR1
MARTIN SOLDIER 02;M;;;MSLR2
MARTIN SOLDIER 03;M;;;MSLR3
MARTIN SOLDIER 04;M;;;MSLR4
MARTIN SOLDIER 05;M;;;MSLR5
NILFGAARDIAN MEDIC 01;M;;;NIM1
NILFGAARDIAN MEDIC 02;M;;;NIM2
NILFGAARDIAN NOBLEMAN 01;M;;;NIN1
NILFGAARDIAN NOBLEMAN 02;M;;;NIN2
NILFGAARDIAN NOBLEMAN 03;M;;;NIN3
NILFGAARDIAN NOBLEMAN 04;M;;;NIN4
NILFGAARDIAN OFFICER 01;M;;;NIOF1
NILFGAARDIAN OFFICER 02;M;;;NIOF2
NILFGAARDIAN PROLOGUE 01;M;;;NILFP1
NILFGAARDIAN PROLOGUE 02;M;;;NILFP2
NILFGAARDIAN PROLOGUE 03;M;;;NILFP3
NILFGAARDIAN PROLOGUE 31;M;;;NILFP31
NILFGAARDIAN PROLOGUE 32;M;;;NILFP32
NILFGAARDIAN SCHOLAR 01;M;;;NIS1
NILFGAARDIAN SOLDIER 01;M;;;NILF1
NILFGAARDIAN SOLDIER 02;M;;;NILF2
NILFGAARDIAN SOLDIER 03;M;;;NILF3
NILFGAARDIAN SOLDIER 04;M;;;NILF4
NILFGAARDIAN SOLDIER 05;M;;;NILF5
NILFGAARDIAN IMPERIAL 01;M;;;NILI1
NILFGAARDIAN IMPERIAL 02;M;;;NILI2
NILFGAARDIAN IMPERIAL 03;M;;;NILI3
NILFGAARDIAN LAZARET 01;M;;;NILL1
NILFGAARDIAN LAZARET 02;M;;;NILL2
NILFGAARDIAN LAZARET 03;M;;;NILL3
NILFGAARDIAN LAZARET 04;M;;;NILL4
NILFGAARDIAN WOMAN OLD 01;F;;;NILW1
NILFGAARDIAN WOMAN  02;F;;;NILW2
NOONWRAITH;F;;;NWRTH
NOVIGRAD BARD 01;M;;;NBAR1
NOVIGRAD BARD 02;M;;;NBAR2
NOVIGRAD BARD 03;M;;;NBAR3
NOVIGRAD BARD 11;M;;;NBA11
NOVIGRAD BARD 12;M;;;NBA12
NOVIGRAD BARD 13;M;;;NBA13
NOVIGRAD BARD 14;M;;;NBA14
NOVIGRAD BARD 15;M;;;NBA15
NOVIGRAD BARD 16;M;;;NBA16
NOVIGRAD BEGGAR 01;M;;;NBEG1
NOVIGRAD BEGGAR 02;M;;;NBEG2
NOVIGRAD BEGGAR 03;M;;;NBEG3
NOVIGRAD BEGGAR 11;M;;;NBEG11
NOVIGRAD BEGGAR 12;M;;;NBEG12
NOVIGRAD BEGGAR 13;M;;;NBEG13
NOVIGRAD BEGGAR 14;M;;;NBEG14
NOVIGRAD BEGGAR 15;M;;;NBEG15
NOVIGRAD BEGGAR 16;M;;;NBEG16
NOVIGRAD BEGGAR 17;M;;;NBEG17
NOVIGRAD BEGGAR 18;M;;;NBEG18
NOVIGRAD BOY 01;M;;;NBOY1
NOVIGRAD BOY 02;M;;;NBOY2
NOVIGRAD BOY 03;M;;;NBOY3
NOVIGRAD BOY 12;M;;;NBOY12
NOVIGRAD BOY 13;M;;;NBOY13
NOVIGRAD BOY 14;M;;;NBOY14
NOVIGRAD BOY 31;M;;;NBOY31
NOVIGRAD BOY 32;M;;;NBOY32
NOVIGRAD BOY 33;M;;;NBOY33
NOVIGRAD BOY 34;M;;;NBOY34
NOVIGRAD BOY 35;M;;;NBOY35
NOVIGRAD BOY 36;M;;;NBOY36
NOVIGRAD CITIZEN MAN 01;M;;;NCIM1
NOVIGRAD CITIZEN MAN 02;M;;;NCIM2
NOVIGRAD CITIZEN MAN 03;M;;;NCIM3
NOVIGRAD CITIZEN MAN 11;M;;;NCIM11
NOVIGRAD CITIZEN MAN 12;M;;;NCIM12
NOVIGRAD CITIZEN MAN 13;M;;;NCIM13
NOVIGRAD CITIZEN MAN 14;M;;;NCIM14
NOVIGRAD CITIZEN MAN 15;M;;;NCIM15
NOVIGRAD CITIZEN MAN 16;M;;;NCIM16
NOVIGRAD CITIZEN MAN 17;M;;;NCIM17
NOVIGRAD CITIZEN MAN 18;M;;;NCIM18
NOVIGRAD CITIZEN MAN 19;M;;;NCIM19
NOVIGRAD CITIZEN MAN 20;M;;;NCIM20
NOVIGRAD CITIZEN MAN 21;M;;;NCIM21
NOVIGRAD CITIZEN MAN 22;M;;;NCIM22
NOVIGRAD CITIZEN MAN 23;M;;;NCIM23
NOVIGRAD CITIZEN MAN 24;M;;;NCIM24
NOVIGRAD CITIZEN MAN 25;M;;;NCIM25
NOVIGRAD CITIZEN MAN 31;M;;;NCIM31
NOVIGRAD CITIZEN MAN 32;M;;;NCIM32
NOVIGRAD CITIZEN MAN 33;M;;;NCIM33
NOVIGRAD CITIZEN MAN 34;M;;;NCIM34
NOVIGRAD CITIZEN MAN 35;M;;;NCIM35
NOVIGRAD CITIZEN MAN 36;M;;;NCIM36
NOVIGRAD CITIZEN MAN 37;M;;;NCIM37
NOVIGRAD CITIZEN MAN 38;M;;;NCIM38
NOVIGRAD CITIZEN MAN 39;M;;;NCIM39
NOVIGRAD CITIZEN MAN 40;M;;;NCIM40
NOVIGRAD CITIZEN WOMAN 01;F;;;NCIW1
NOVIGRAD CITIZEN WOMAN 02;F;;;NCIW2
NOVIGRAD CITIZEN WOMAN 03;F;;;NCIW3
NOVIGRAD CITIZEN WOMAN 11;F;;;NCIW11
NOVIGRAD CITIZEN WOMAN 12;F;;;NCIW12
NOVIGRAD CITIZEN WOMAN 13;F;;;NCIW13
NOVIGRAD CITIZEN WOMAN 14;F;;;NCIW14
NOVIGRAD CITIZEN WOMAN 15;F;;;NCIW15
NOVIGRAD CITIZEN WOMAN 16;F;;;NCIW16
NOVIGRAD CITIZEN WOMAN 17;F;;;NCIW17
NOVIGRAD CITIZEN WOMAN 18;F;;;NCIW18
NOVIGRAD CITIZEN WOMAN 19;F;;;NCIW19
NOVIGRAD CITIZEN WOMAN 20;F;;;NCIW20
NOVIGRAD CITIZEN WOMAN 21;F;;;NCIW21
NOVIGRAD CITIZEN WOMAN 22;F;;;NCIW22
NOVIGRAD CITIZEN WOMAN 23;F;;;NCIW23
NOVIGRAD CITIZEN WOMAN 24;F;;;NCIW24
NOVIGRAD CITIZEN WOMAN 25;F;;;NCIW25
NOVIGRAD CITIZEN WOMAN 31;F;;;NCIW31
NOVIGRAD CITIZEN WOMAN 32;F;;;NCIW32
NOVIGRAD CITIZEN WOMAN 33;F;;;NCIW33
NOVIGRAD CITIZEN WOMAN 34;F;;;NCIW34
NOVIGRAD COOK 31;M;;;NCOOK31
NOVIGRAD DOCKWORKER 01;M;;;NDKWR1
NOVIGRAD DOCKWORKER 02;M;;;NDKWR2
NOVIGRAD DOCKWORKER 03;M;;;NDKWR3
NOVIGRAD DOCKWORKER 11;M;;;NDKWR11
NOVIGRAD DOCKWORKER 12;M;;;NDKWR12
NOVIGRAD DOCKWORKER 13;M;;;NDKWR13
NOVIGRAD DOCKWORKER 14;M;;;NDKWR14
NOVIGRAD DOCKWORKER 15;M;;;NDKWR15
NOVIGRAD DOCKWORKER 16;M;;;NDKWR16
NOVIGRAD DOCKWORKER 31;M;;;NDKWR31
NOVIGRAD DRUNK 01;M;;;NDRK1
NOVIGRAD DRUNK 02;M;;;NDRK2
NOVIGRAD DRUNK 03;M;;;NDRK3
NOVIGRAD DRUNK 04;M;;;NDRK4
NOVIGRAD DRUNK 05;M;;;NDRK5
NOVIGRAD DRUNK 06;M;;;NDRK6
NOVIGRAD DRUNK 11;M;;;NDRK11
NOVIGRAD DRUNK 12;M;;;NDRK12
NOVIGRAD DRUNK 13;M;;;NDRK13
NOVIGRAD DRUNK 14;M;;;NDRK14
NOVIGRAD DRUNK 15;M;;;NDRK15
NOVIGRAD DRUNK 16;M;;;NDRK16
NOVIGRAD DRUNK WOMAN 01;M;;;NDRW1
NOVIGRAD DRUNK WOMAN 02;M;;;NDRW2
NOVIGRAD DRUNK WOMAN 03;M;;;NDRW3
NOVIGRAD FEMALE BARD 01;F;;;NFBA1
NOVIGRAD FEMALE BARD 02;F;;;NFBA2
NOVIGRAD FEMALE BARD 03;F;;;NFBA3
NOVIGRAD FEMALE BARD 11;F;;;NFBA11
NOVIGRAD FEMALE BARD 12;F;;;NFBA12
NOVIGRAD FEMALE BARD 13;F;;;NFBA13
NOVIGRAD FEMALE BARD 14;F;;;NFBA14
NOVIGRAD FEMALE BARD 15;F;;;NFBA15
NOVIGRAD FEMALE BARD 16;F;;;NFBA16
NOVIGRAD GIRL 01;F;;;NGRL1
NOVIGRAD GIRL 02;F;;;NGRL2
NOVIGRAD GIRL 03;F;;;NGRL3
NOVIGRAD GIRL 11;F;;;NGRL11
NOVIGRAD GIRL 12;F;;;NGRL12
NOVIGRAD GIRL 13;F;;;NGRL13
NOVIGRAD GIRL 31;F;;;NGRL31
NOVIGRAD GIRL 32;F;;;NGRL32
NOVIGRAD GIRL 33;F;;;NGRL33
NOVIGRAD GUARD 01;M;;;NGRD1
NOVIGRAD GUARD 02;M;;;NGRD2
NOVIGRAD GUARD 03;M;;;NGRD3
NOVIGRAD NOBLEMAN 01;M;;;NNBM1
NOVIGRAD NOBLEMAN 02;M;;;NNBM2
NOVIGRAD NOBLEMAN 03;M;;;NNBM3
NOVIGRAD NOBLEMAN 11;M;;;NNBM11
NOVIGRAD NOBLEMAN 12;M;;;NNBM12
NOVIGRAD NOBLEMAN 13;M;;;NNBM13
NOVIGRAD NOBLEMAN 14;M;;;NNBM14
NOVIGRAD NOBLEMAN 15;M;;;NNBM15
NOVIGRAD NOBLEMAN 16;M;;;NNBM16
NOVIGRAD NOBLEMAN 31;M;;;NNBM31
NOVIGRAD NOBLEWOMAN 01;F;;;NNBW1
NOVIGRAD NOBLEWOMAN 02;F;;;NNBW2
NOVIGRAD NOBLEWOMAN 03;F;;;NNBW3
NOVIGRAD NOBLEWOMAN 11;F;;;NNBW11
NOVIGRAD NOBLEWOMAN 12;F;;;NNBW12
NOVIGRAD NOBLEWOMAN 13;F;;;NNBW13
NOVIGRAD NOBLEWOMAN 14;F;;;NNBW14
NOVIGRAD NOBLEWOMAN 15;F;;;NNBW15
NOVIGRAD NOBLEWOMAN 16;F;;;NNBW16
NOVIGRAD OLD MAN 01;M;;;NOM1
NOVIGRAD OLD MAN 02;M;;;NOM2
NOVIGRAD OLD MAN 03;M;;;NOM3
NOVIGRAD OLD MAN 11;M;;;NOM11
NOVIGRAD OLD MAN 12;M;;;NOM12
NOVIGRAD OLD MAN 13;M;;;NOM13
NOVIGRAD OLD MAN 14;M;;;NOM14
NOVIGRAD OLD MAN 15;M;;;NOM15
NOVIGRAD OLD MAN 16;M;;;NOM16
NOVIGRAD OLD MAN 17;M;;;NOM17
NOVIGRAD OLD MAN 18;M;;;NOM18
NOVIGRAD OLD MAN 19;M;;;NOM19
NOVIGRAD OLD MAN 20;M;;;NOM20
NOVIGRAD OLD MAN 31;M;;;NOM31
NOVIGRAD OLD WOMAN 01;F;;;NOW1
NOVIGRAD OLD WOMAN 02;F;;;NOW2
NOVIGRAD OLD WOMAN 03;F;;;NOW3
NOVIGRAD OLD WOMAN 11;F;;;NOW11
NOVIGRAD OLD WOMAN 12;F;;;NOW12
NOVIGRAD OLD WOMAN 13;F;;;NOW13
NOVIGRAD OLD WOMAN 14;F;;;NOW14
NOVIGRAD OLD WOMAN 15;F;;;NOW15
NOVIGRAD OLD WOMAN 16;F;;;NOW16
NOVIGRAD OLD WOMAN 17;F;;;NOW17
NOVIGRAD OLD WOMAN 18;F;;;NOW18
NOVIGRAD OLD WOMAN 19;F;;;NOW19
NOVIGRAD OLD WOMAN 20;F;;;NOW20
NOVIGRAD OLD WOMAN 31;F;;;NOW31
NOVIGRAD OLD WOMAN 32;F;;;NOW32
NOVIGRAD OLD WOMAN 33;F;;;NOW33
NOVIGRAD OLD WOMAN 34;F;;;NOW34
NOVIGRAD OLD WOMAN 35;F;;;NOW35
NOVIGRAD PEASANT 01;M;;;NPEM1
NOVIGRAD PEASANT 02;M;;;NPEM2
NOVIGRAD PEASANT 03;M;;;NPEM3
NOVIGRAD PEASANT 11;M;;;NPEM11
NOVIGRAD PEASANT 12;M;;;NPEM12
NOVIGRAD PEASANT 13;M;;;NPEM13
NOVIGRAD PEASANT 14;M;;;NPEM14
NOVIGRAD PEASANT 15;M;;;NPEM15
NOVIGRAD PEASANT 16;M;;;NPEM16
NOVIGRAD PEASANT 17;M;;;NPEM17
NOVIGRAD PEASANT 18;M;;;NPEM18
NOVIGRAD PEASANT 19;M;;;NPEM19
NOVIGRAD PEASANT 20;M;;;NPEM20
NOVIGRAD PEASANT 21;M;;;NPEM21
NOVIGRAD PEASANT 22;M;;;NPEM22
NOVIGRAD PEASANT 23;M;;;NPEM23
NOVIGRAD PEASANT 24;M;;;NPEM24
NOVIGRAD PEASANT 25;M;;;NPEM25
NOVIGRAD PEASANT 31;M;;;NPEM31
NOVIGRAD PEASANT 32;M;;;NPEM32
NOVIGRAD PEASANT 33;M;;;NPEM33
NOVIGRAD PEASANT 34;M;;;NPEM34
NOVIGRAD PEASANT 35;M;;;NPEM35
NOVIGRAD PEASANT 36;M;;;NPEM36
NOVIGRAD PEASANT 37;M;;;NPEM37
NOVIGRAD PEASANT 38;M;;;NPEM38
NOVIGRAD PEASANT 39;M;;;NPEM39
NOVIGRAD PEASANT WOMAN 01;F;;;NPEW1
NOVIGRAD PEASANT WOMAN 02;F;;;NPEW2
NOVIGRAD PEASANT WOMAN 03;F;;;NPEW3
NOVIGRAD PEASANT WOMAN 11;F;;;NPEW11
NOVIGRAD PEASANT WOMAN 12;F;;;NPEW12
NOVIGRAD PEASANT WOMAN 13;F;;;NPEW13
NOVIGRAD PEASANT WOMAN 14;F;;;NPEW14
NOVIGRAD PEASANT WOMAN 15;F;;;NPEW15
NOVIGRAD PEASANT WOMAN 16;F;;;NPEW16
NOVIGRAD PEASANT WOMAN 17;F;;;NPEW17
NOVIGRAD PEASANT WOMAN 18;F;;;NPEW18
NOVIGRAD PEASANT WOMAN 19;F;;;NPEW19
NOVIGRAD PEASANT WOMAN 20;F;;;NPEW20
NOVIGRAD PEASANT WOMAN 21;F;;;NPEW21
NOVIGRAD PEASANT WOMAN 22;F;;;NPEW22
NOVIGRAD PEASANT WOMAN 23;F;;;NPEW23
NOVIGRAD PEASANT WOMAN 24;F;;;NPEW24
NOVIGRAD PEASANT WOMAN 25;F;;;NPEW25
NOVIGRAD PEASANT WOMAN 31;F;;;NPEW31
NOVIGRAD PEASANT WOMAN 32;F;;;NPEW32
NOVIGRAD PEASANT WOMAN 33;F;;;NPEW33
NOVIGRAD PEASANT WOMAN 34;F;;;NPEW34
NOVIGRAD PEASANT WOMAN 35;F;;;NPEW35
NOVIGRAD PEASANT WOMAN 36;F;;;NPEW36
NOVIGRAD POOR MAN 01;M;;;NPM1
NOVIGRAD POOR MAN 02;M;;;NPM2
NOVIGRAD POOR MAN 03;M;;;NPM3
NOVIGRAD POOR MAN 11;M;;;NPM11
NOVIGRAD POOR MAN 12;M;;;NPM12
NOVIGRAD POOR MAN 13;M;;;NPM13
NOVIGRAD POOR MAN 14;M;;;NPM14
NOVIGRAD POOR MAN 15;M;;;NPM15
NOVIGRAD POOR MAN 16;M;;;NPM16
NOVIGRAD POOR MAN 17;M;;;NPM17
NOVIGRAD POOR MAN 18;M;;;NPM18
NOVIGRAD POOR MAN 19;M;;;NPM19
NOVIGRAD POOR MAN 20;M;;;NPM20
NOVIGRAD POOR MAN 21;M;;;NPM21
NOVIGRAD POOR MAN 22;M;;;NPM22
NOVIGRAD POOR MAN 23;M;;;NPM23
NOVIGRAD POOR MAN 24;M;;;NPM24
NOVIGRAD POOR MAN 25;M;;;NPM25
NOVIGRAD POOR MAN 31;M;;;NPM31
NOVIGRAD POOR MAN 32;M;;;NPM32
NOVIGRAD POOR MAN 33;M;;;NPM33
NOVIGRAD POOR MAN 34;M;;;NPM34
NOVIGRAD POOR MAN 35;M;;;NPM35
NOVIGRAD POOR MAN 36;M;;;NPM36
NOVIGRAD POOR MAN 37;M;;;NPM37
NOVIGRAD POOR MAN 38;M;;;NPM38
NOVIGRAD POOR MAN 39;M;;;NPM39
NOVIGRAD POOR MAN 40;M;;;NPM40
NOVIGRAD POOR MAN 41;M;;;NPM41
NOVIGRAD POOR MAN 42;M;;;NPM42
NOVIGRAD POOR MAN 43;M;;;NPM43
NOVIGRAD POOR MAN 44;M;;;NPM44
NOVIGRAD POOR MAN 45;M;;;NPM45
NOVIGRAD POOR MAN 46;M;;;NPM46
NOVIGRAD POOR MAN 47;M;;;NPM47
NOVIGRAD POOR MAN 48;M;;;NPM48
NOVIGRAD POOR MAN 49;M;;;NPM49
NOVIGRAD POOR WOMAN 01;F;;;NPW1
NOVIGRAD POOR WOMAN 02;F;;;NPW2
NOVIGRAD POOR WOMAN 03;F;;;NPW3
NOVIGRAD POOR WOMAN 11;F;;;NPW11
NOVIGRAD POOR WOMAN 12;F;;;NPW12
NOVIGRAD POOR WOMAN 13;F;;;NPW13
NOVIGRAD POOR WOMAN 14;F;;;NPW14
NOVIGRAD POOR WOMAN 15;F;;;NPW15
NOVIGRAD POOR WOMAN 16;F;;;NPW16
NOVIGRAD POOR WOMAN 17;F;;;NPW17
NOVIGRAD POOR WOMAN 18;F;;;NPW18
NOVIGRAD POOR WOMAN 19;F;;;NPW19
NOVIGRAD POOR WOMAN 20;F;;;NPW20
NOVIGRAD POOR WOMAN 21;F;;;NPW21
NOVIGRAD POOR WOMAN 22;F;;;NPW22
NOVIGRAD POOR WOMAN 23;F;;;NPW23
NOVIGRAD POOR WOMAN 24;F;;;NPW24
NOVIGRAD POOR WOMAN 25;F;;;NPW25
NOVIGRAD POOR WOMAN 31;F;;;NPW31
NOVIGRAD POOR WOMAN 32;F;;;NPW32
NOVIGRAD POOR WOMAN 33;F;;;NPW33
NOVIGRAD POOR WOMAN 34;F;;;NPW34
NOVIGRAD POOR WOMAN 35;F;;;NPW35
NOVIGRAD POOR WOMAN 36;F;;;NPW36
NOVIGRAD POOR WOMAN 37;F;;;NPW37
NOVIGRAD POOR WOMAN 38;F;;;NPW38
NOVIGRAD POOR WOMAN 39;F;;;NPW39
NOVIGRAD PROSTITUTE 01;F;;;NPRO1
NOVIGRAD PROSTITUTE 02;F;;;NPRO2
NOVIGRAD PROSTITUTE 03;F;;;NPRO3
NOVIGRAD PROSTITUTE 11;F;;;NPRO11
NOVIGRAD PROSTITUTE 12;F;;;NPRO12
NOVIGRAD PROSTITUTE 13;F;;;NPRO13
NOVIGRAD PROSTITUTE 14;F;;;NPRO14
NOVIGRAD PROSTITUTE 15;F;;;NPRO15
NOVIGRAD PROSTITUTE 16;F;;;NPRO16
NOVIGRAD PROSTITUTE 31;F;;;NPRO31
NOVIGRAD PROSTITUTE 32;F;;;NPRO32
NOVIGRAD PROSTITUTE 33;F;;;NPRO33
NOVIGRAD PROSTITUTE 34;F;;;NPRO34
NOVIGRAD PROSTITUTE 35;F;;;NPRO35
NOVIGRAD PROSTITUTE 36;F;;;NPRO36
NOVIGRAD PROSTITUTE 37;F;;;NPRO37
NOVIGRAD PROSTITUTE 38;F;;;NPRO38
NOVIGRAD PROSTITUTE 39;F;;;NPRO39
NOVIGRAD PROSTITUTE 40;F;;;NPRO40
NOVIGRAD PROSTITUTE 41;F;;;NPRO41
NOVIGRAD PROSTITUTE 42;F;;;NPRO42
NOVIGRAD PROSTITUTE 43;F;;;NPRO43
NOVIGRAD PROSTITUTE 44;F;;;NPRO44
NOVIGRAD REFUGEE MAN 01;M;;;NRFGM1
NOVIGRAD REFUGEE MAN 02;M;;;NRFGM2
NOVIGRAD REFUGEE MAN 03;M;;;NRFGM3
NOVIGRAD REFUGEE MAN 04;M;;;NRFGM4
NOVIGRAD REFUGEE WOMAN 01;F;;;NRFGW1
NOVIGRAD REFUGEE WOMAN 02;F;;;NRFGW2
NOVIGRAD REFUGEE WOMAN 03;F;;;NRFGW3
NOVIGRAD REFUGEE WOMAN 04;F;;;NRFGW4
NOVIGRAD RICH MAN 01;M;;;NRM1
NOVIGRAD RICH MAN 02;M;;;NRM2
NOVIGRAD RICH MAN 03;M;;;NRM3
NOVIGRAD RICH MAN 11;M;;;NRM11
NOVIGRAD RICH MAN 12;M;;;NRM12
NOVIGRAD RICH MAN 13;M;;;NRM13
NOVIGRAD RICH MAN 14;M;;;NRM14
NOVIGRAD RICH MAN 15;M;;;NRM15
NOVIGRAD RICH MAN 16;M;;;NRM16
NOVIGRAD RICH MAN 17;M;;;NRM17
NOVIGRAD RICH MAN 18;M;;;NRM18
NOVIGRAD RICH MAN 19;M;;;NRM19
NOVIGRAD RICH MAN 20;M;;;NRM20
NOVIGRAD RICH MAN 31;M;;;NRM31
NOVIGRAD RICH MAN 32;M;;;NRM32
NOVIGRAD RICH MAN 33;M;;;NRM33
NOVIGRAD RICH MAN 34;M;;;NRM34
NOVIGRAD RICH WOMAN 01;F;;;NRW1
NOVIGRAD RICH WOMAN 02;F;;;NRW2
NOVIGRAD RICH WOMAN 03;F;;;NRW3
NOVIGRAD RICH WOMAN 11;F;;;NRW11
NOVIGRAD RICH WOMAN 12;F;;;NRW12
NOVIGRAD RICH WOMAN 13;F;;;NRW13
NOVIGRAD RICH WOMAN 14;F;;;NRW14
NOVIGRAD RICH WOMAN 15;F;;;NRW15
NOVIGRAD RICH WOMAN 16;F;;;NRW16
NOVIGRAD RICH WOMAN 17;F;;;NRW17
NOVIGRAD RICH WOMAN 18;F;;;NRW18
NOVIGRAD RICH WOMAN 19;F;;;NRW19
NOVIGRAD RICH WOMAN 20;F;;;NRW20
NOVIGRAD RICH WOMAN 31;F;;;NRW31
NOVIGRAD RICH WOMAN 32;F;;;NRW32
NOVIGRAD RICH WOMAN 33;F;;;NRW33
NOVIGRAD SAILOR 01;M;;;NSLR1
NOVIGRAD SAILOR 02;M;;;NSLR2
NOVIGRAD SAILOR 03;M;;;NSLR3
NOVIGRAD SAILOR 11;M;;;NSLR11
NOVIGRAD SAILOR 12;M;;;NSLR12
NOVIGRAD SAILOR 13;M;;;NSLR13
NOVIGRAD SAILOR 14;M;;;NSLR14
NOVIGRAD SAILOR 15;M;;;NSLR15
NOVIGRAD SAILOR 16;M;;;NSLR16
NOVIGRAD SAILOR 31;M;;;NSLR31
NOVIGRAD SAILOR 32;M;;;NSLR32
NOVIGRAD SCRIBE 01;M;;;NVSC1
NOVIGRAD SCRIBE 02;M;;;NVSC2
NOVIGRAD THUG STRONG 01;M;;;NTS1
NOVIGRAD THUG STRONG 02;M;;;NTS2
NOVIGRAD THUG STRONG 03;M;;;NTS3
NOVIGRAD THUG STRONG 11;M;;;NTS11
NOVIGRAD THUG STRONG 12;M;;;NTS12
NOVIGRAD THUG STRONG 13;M;;;NTS13
NOVIGRAD THUG STRONG 14;M;;;NTS14
NOVIGRAD THUG STRONG 15;M;;;NTS15
NOVIGRAD THUG STRONG 16;M;;;NTS16
NOVIGRAD THUG STRONG 31;M;;;NTS31
NOVIGRAD THUG STRONG 32;M;;;NTS32
NOVIGRAD THUG STRONG 33;M;;;NTS33
NOVIGRAD THUG STRONG 34;M;;;NTS34
NOVIGRAD THUG STRONG 35;M;;;NTS35
NOVIGRAD THUG WEAK 01;M;;;NTW1
NOVIGRAD THUG WEAK 02;M;;;NTW2
NOVIGRAD THUG WEAK 03;M;;;NTW3
NOVIGRAD THUG WEAK 11;M;;;NTW11
NOVIGRAD THUG WEAK 12;M;;;NTW12
NOVIGRAD THUG WEAK 13;M;;;NTW13
NOVIGRAD THUG WEAK 14;M;;;NTW14
NOVIGRAD THUG WEAK 15;M;;;NTW15
NOVIGRAD THUG WEAK 16;M;;;NTW16
NOVIGRAD THUG WEAK 31;M;;;NTW31
NOVIGRAD THUG WEAK 32;M;;;NTW32
NOVIGRAD THUG WEAK 33;M;;;NTW33
NOVIGRAD THUG WEAK 34;M;;;NTW34
NOVIGRAD THUG WEAK 35;M;;;NTW35
NOVIGRAD THUG WEAK 36;M;;;NTW36
NOVIGRAD THUG WEAK 37;M;;;NTW37
NOVIGRAD TRADER 01;M;;;NTR1
NOVIGRAD TRADER 02;M;;;NTR2
NOVIGRAD TRADER 03;M;;;NTR3
NOVIGRAD TRADER 04;M;;;NTR4
NOVIGRAD TRADER 31;M;;;NTR31
NOVIGRAD TRAVELER MAN 01;M;;;NTVM1
NOVIGRAD TRAVELER MAN 02;M;;;NTVM2
NOVIGRAD TRAVELER MAN 03;M;;;NTVM3
NOVIGRAD TRAVELER MAN 04;M;;;NTVM4
NOVIGRAD TRAVELER WOMAN 01;W;;;NTVW1
NOVIGRAD TRAVELER WOMAN 02;W;;;NTVW2
NOVIGRAD TRAVELER WOMAN 03;W;;;NTVW3
NOVIGRAD TRAVELER WOMAN 04;W;;;NTVW4
REDANIAN ARMORER 01;M;;;REAM1
REDANIAN BLACKSMITH 01;M;;;RESTH1
REDANIAN NOBLE 01;M;;;RENO1
REDANIAN NOBLE 02;M;;;RENO2
REDANIAN OFFICER 01;M;;;REOF1
REDANIAN OFFICER 11;M;;;REOF11
REDANIAN OFFICER 12;M;;;REOF12
REDANIAN SOLDIER 01;M;;;RES1
REDANIAN SOLDIER 02;M;;;RES2
REDANIAN SOLDIER 03;M;;;RES3
REDANIAN SOLDIER 04;M;;;RES4
REDANIAN SOLDIER 11;M;;;RES11
REDANIAN SOLDIER 12;M;;;RES12
REDANIAN SOLDIER 13;M;;;RES13
REDANIAN SOLDIER 14;M;;;RES14
REDANIAN TOWNSMAN 01;M;;;RETM1
REDANIAN TOWNSMAN 02;M;;;RETM2
REDANIAN TOWNSMAN 03;M;;;RETM3
REDANIAN TOWNSMAN 04;M;;;RETM4
REDANIAN TOWNSWOMAN 01;F;;;RETW1
REDANIAN TOWNSWOMAN 02;F;;;RETW2
REDANIAN MERCHANT 01;M;;;REMR1
SCOIATAEL ELF MAN 31;M;;;SCEM31
SCOIATAEL ELF MAN 32;M;;;SCEM32
SCOIATAEL ELF MAN 33;M;;;SCEM33
SCOIATAEL ELF MAN 34;M;;;SCEM34
SCOIATAEL ELF MAN 35;M;;;SCEM35
SCOIATAEL ELF MAN 36;M;;;SCEM36
SCOIATAEL ELF WOMAN 31;F;;;SCEW31
SCOIATAEL ELF WOMAN 32;F;;;SCEW32
SCOIATAEL ELF WOMAN 33;F;;;SCEW33
SCOIATAEL ELF WOMAN 34;F;;;SCEW34
SCOIATAEL ELF WOMAN 35;F;;;SCEW35
SCOIATAEL ELF WOMAN 36;F;;;SCEW36
SCOIATAEL MAN 01;M;;;SCM1
SCOIATAEL MAN 02;M;;;SCM2
SCOIATAEL MAN 03;M;;;SCM3
SCOIATAEL WOMAN 01;F;;;SCW1
SCOIATAEL WOMAN 02;F;;;SCW2
SCOIATAEL DWARF 01;M;;;SCD1
SCOIATAEL DWARF 02;M;;;SCD2
SCOIATAEL DWARF 31;M;;;SCD31
SCOIATAEL DWARF 32;M;;;SCD32
SCOIATAEL DWARF 33;M;;;SCD33
SCOIATAEL DWARF 34;M;;;SCD34
SCOIATAEL DWARF 35;M;;;SCD35
SCOIATAEL DWARF 36;M;;;SCD36
SCOIATAEL DWARF 37;M;;;SCD37
SCOIATAEL DWARF 38;M;;;SCD38
SCOIATAEL DWARF 39;M;;;SCD39
SKELLIGE ARMORER 01;M;;;SAR1
SKELLIGE ARMORER 02;M;;;SAR2
SKELLIGE ARMORER 03;M;;;SAR3
SKELLIGE BANDIT 01;M;;;SBD1
SKELLIGE BANDIT 02;M;;;SBD2
SKELLIGE BANDIT 03;M;;;SBD3
SKELLIGE BARD 01;M;;;SBR1
SKELLIGE BERSERKER 01;M;;;SBE1
SKELLIGE BERSERKER 02;M;;;SBE2
SKELLIGE BERSERKER 03;M;;;SBE3
SKELLIGE BERSERKER 04;M;;;SBE4
SKELLIGE BERSERKER 05;M;;;SBE5
SKELLIGE BLACKSMITH HELPER 01;M;;;SBH1
SKELLIGE BLACKSMITH HELPER 02;M;;;SBH2
SKELLIGE BLACKSMITH HELPER 03;M;;;SBH3
SKELLIGE BOATBUILDER 01;M;;;SBB1
SKELLIGE BOATBUILDER 02;M;;;SBB2
SKELLIGE BOATBUILDER 03;M;;;SBB3
SKELLIGE BOY 01;M;;;SBOY1
SKELLIGE BOY 02;M;;;SBOY2
SKELLIGE BOY 03;M;;;SBOY3
SKELLIGE BUTCHER 01;M;;;SBU1
SKELLIGE CAPTIVE 01;W;;;SCAP1
SKELLIGE CAPTIVE 02;W;;;SCAP2
SKELLIGE CAPTIVE 03;W;;;SCAP3
SKELLIGE CAPTIVE 04;W;;;SCAP4
SKELLIGE DRUID 01;M;;;SDRU1
SKELLIGE DRUID 02;M;;;SDRU2
SKELLIGE DRUID 03;M;;;SDRU3
SKELLIGE DRUID 04;M;;;SDRU4
SKELLIGE DRUID 05;M;;;SDRU5
SKELLIGE DRUNK 01;M;;;SDRK1
SKELLIGE DRUNK 02;M;;;SDRK2
SKELLIGE DRUNK 03;M;;;SDRK3
SKELLIGE DRUNK 04;M;;;SDRK4
SKELLIGE DRUNK WOMAN 01;W;;;SDRW1
SKELLIGE DRUNK WOMAN 02;W;;;SDRW2
SKELLIGE FISHERMAN 01;M;;;SFM1
SKELLIGE FISHERMAN 02;M;;;SFM2
SKELLIGE FISHERMAN 03;M;;;SFM3
SKELLIGE FISHERMAN 04;M;;;SFM4
SKELLIGE FISHERMAN 05;M;;;SFM5
SKELLIGE FISHERMAN 06;M;;;SFM6
SKELLIGE GIRL 01;F;;;SGRL1
SKELLIGE GIRL 02;F;;;SGRL2
SKELLIGE GIRL 03;F;;;SGRL3
SKELLIGE GUARD 01;M;;;SGD1
SKELLIGE GUARD 02;M;;;SGD2
SKELLIGE GUARD 03;M;;;SGD3
SKELLIGE GUARD 04;M;;;SGD4
SKELLIGE GUARD 05;M;;;SGD5
SKELLIGE GUARD 06;M;;;SGD6
SKELLIGE HUNTER 01;M;;;SHR1
SKELLIGE HUNTER 02;M;;;SHR2
SKELLIGE HUNTER 03;M;;;SHR3
SKELLIGE INNKEEPER 01;M;;;SIK1
SKELLIGE MERCHANT 01;M;;;SME1
SKELLIGE MERCHANT 02;M;;;SME2
SKELLIGE MERCHANT 03;M;;;SME3
SKELLIGE OLD MAN 01;M;;;SOM1
SKELLIGE OLD MAN 02;M;;;SOM2
SKELLIGE OLD MAN 03;M;;;SOM3
SKELLIGE OLD MAN 04;M;;;SOM4
SKELLIGE OLD WOMAN 01;F;;;SOW1
SKELLIGE OLD WOMAN 02;F;;;SOW2
SKELLIGE OLD WOMAN 03;F;;;SOW3
SKELLIGE OLD WOMAN 04;F;;;SOW4
SKELLIGE PRIESTESS 01;F;;;SPR1
SKELLIGE PRIESTESS 02;F;;;SPR2
SKELLIGE PRIESTESS 03;F;;;SPR3
SKELLIGE SCRIBE 01;M;;;SKS1
SKELLIGE SCRIBE 02;M;;;SKS2
SKELLIGE VILLAGER 01;M;;;SVR1
SKELLIGE VILLAGER 02;M;;;SVR2
SKELLIGE VILLAGER 03;M;;;SVR3
SKELLIGE VILLAGER 04;M;;;SVR4
SKELLIGE VILLAGER 05;M;;;SVR5
SKELLIGE VILLAGER 06;M;;;SVR6
SKELLIGE WARRIOR 01;M;;;SWR1
SKELLIGE WARRIOR 02;M;;;SWR2
SKELLIGE WARRIOR 03;M;;;SWR3
SKELLIGE WARRIOR 04;M;;;SWR4
SKELLIGE WARRIOR 05;M;;;SWR5
SKELLIGE GHOST WARRIOR 01;M;;;SGHOW1
SKELLIGE GHOST WARRIOR 02;M;;;SGHOW2
SKELLIGE WAITRESS 01;F;;;SWA1
SKELLIGE WAITRESS 02;F;;;SWA2
SKELLIGE WOMAN 01;F;;;SWO1
SKELLIGE WOMAN 02;F;;;SWO2
SKELLIGE WOMAN 03;F;;;SWO3
SKELLIGE WOMAN 04;F;;;SWO4
SKELLIGE WOMAN 05;F;;;SWO5
SORCERESS 01;F;;;SOR1
SORCERESS 02;F;;;SOR2
SORCERESS 03;F;;;SOR3
SORCERESS 04;F;;;SOR4
SUCCUBUS 01;F;;;SCC1
SUCCUBUS 02;F;;;SCC2
SUCCUBUS 03;F;;;SCC3
SUCCUBUS WITCH;F;;;SCCW
SIREN 01;F;;;SIR1
SIREN 02;F;;;SIR2
SIREN 03;F;;;SIR3
TEMERIAN BANDIT 01;M;;;TBAN1
TEMERIAN BANDIT 02;M;;;TBAN2
TEMERIAN BANDIT 03;M;;;TBAN3
TEMERIAN MERCHANT 01;M;;;TMER1
TEMERIAN NOBLE 01;M;;;TENO1
TEMERIAN GUARD 01;M;;;TMEG1
TEMERIAN GUARD 02;M;;;TMEG2
TEMERIAN GUARD 03;M;;;TMEG3
TEMERIAN PEASANT 01;M;;;TPM1
TEMERIAN PEASANT 02;M;;;TPM2
TEMERIAN PEASANT 03;M;;;TPM3
TEMERIAN WOMAN 01;F;;;TPW1
TEMERIAN WOMAN 02;F;;;TPW2
TEMERIAN WOMAN 03;F;;;TPW3
TROLL_1;M;;;TRL1
TROLL_2;M;;;TRL2
TROLL_3;M;;;TRL3
TROLL FEMALE 01;F;;;TRLF1
VAMPIRE MEDIC 01;M;;;NVAM1
VAMPIRE MEDIC 02;M;;;NVAM2
VAMPIRE MEDIC 03;M;;;NVAM3
VAMPIRE MEDIC 31;M;;;NVAM31
VERDEN BANDIT 01;M;;;VBAN1
VERDEN BANDIT 02;M;;;VBAN2
VERDEN BANDIT 03;M;;;VBAN3
VERDEN BANDIT 04;M;;;VBAN4
VERDEN BANDIT 05;M;;;VBAN5
VERDEN BANDIT 31;M;;;VBAN31
VERDEN BANDIT 32;M;;;VBAN32
VERDEN BOY 01;M;;;VBOY1
VERDEN BOY 02;M;;;VBOY2
VERDEN BOY 03;M;;;VBOY3
VERDEN BOY 04;M;;;VBOY4
VERDEN BOY 05;M;;;VBOY5
VERDEN GIRL 01;F;;;VGRL1
VERDEN GIRL 02;F;;;VGRL2
VERDEN GIRL 03;F;;;VGRL3
VERDEN INFECTED MAN 01;M;;;VIM1
VERDEN INFECTED MAN 02;M;;;VIM2
VERDEN INFECTED MAN 03;M;;;VIM3
VERDEN INFECTED WOMAN 01;F;;;VIW1
VERDEN INFECTED WOMAN 02;F;;;VIW2
VERDEN INFECTED WOMAN 03;F;;;VIW3
VERDEN OLD MAN 01;M;;;VOM1
VERDEN OLD MAN 02;M;;;VOM2
VERDEN OLD MAN 03;M;;;VOM3
VERDEN OLD WOMAN 01;F;;;VOW1
VERDEN OLD WOMAN 02;F;;;VOW2
VERDEN OLD WOMAN 03;F;;;VOW3
VERDEN OLD WOMAN 31;F;;;VOW31
VERDEN OLD WOMAN 32;F;;;VOW32
VERDEN GHOST PEASANT 01;M;;;VGP1
VERDEN GHOST PEASANT  M 01;M;;;VGM1
VERDEN GHOST PEASANT 02;M;;;VGP2
VERDEN GHOST PEASANT M 02;M;;;VGM2
VERDEN GHOST PEASANT 03;M;;;VGP3
VERDEN GHOST PEASANT M 03;M;;;VGM3
VERDEN PEASANT 01;M;;;VPEA1
VERDEN PEASANT 02;M;;;VPEA2
VERDEN PEASANT 03;M;;;VPEA3
VERDEN PEASANT 04;M;;;VPEA4
VERDEN PEASANT 05;M;;;VPEA5
VERDEN PEASANT 31;M;;;VPEA31
VERDEN PEASANT 32;M;;;VPEA32
VERDEN SMITH 01;M;;;VSMTH1
VERDEN SCAVENGER 01;M;;;VSCA1
VERDEN SCAVENGER 02;M;;;VSCA2
VERDEN SCAVENGER 03;M;;;VSCA3
VERDEN SCAVENGER WOMAN 01;F;;;VSCF1
VERDEN SCAVENGER WOMAN 02;F;;;VSCF2
VERDEN WARCHILD BOY 01;M;;;VWC1
VERDEN WARCHILD BOY 02;M;;;VWC2
VERDEN WARCHILD GIRL 01;F;;;VWCG1
VERDEN WARCHILD GIRL 02;F;;;VWCG2
VERDEN WOMAN 01;F;;;VWO1
VERDEN WOMAN 02;F;;;VWO2
VERDEN WOMAN 03;F;;;VWO3
VERDEN WOMAN 04;F;;;VWO4
VERDEN WOMAN 05;F;;;VWO5
VERDEN VENDOR 01;M;;;VVEN1
VERDEN VENDOR 02;M;;;VVEN2
VERDEN VENDOR 03;M;;;VVEN3
WATER HAG 01;F;;;WTRH1
WILD HUNT SLAVE 01;M;;;WHS1
WILD HUNT SLAVE 02;M;;;WHS2
WILD HUNT SLAVE 03;M;;;WHS3
WILD HUNT WARRIOR 01;M;;;WHW1
WILD HUNT WARRIOR 02;M;;;WHW2
WILD HUNT WARRIOR 03;M;;;WHW3
WITCH HUNTER 01;M;;;INQ1
WITCH HUNTER 02;M;;;INQ2
WITCH HUNTER 03;M;;;INQ3
WITCH HUNTER 04;M;;;INQ4
